Content,Sentiment
I love the new update! Everything works perfectly now.,+ve
This app keeps crashing. Very frustrating.,-ve
"The event was okay, not too bad but nothing special.",neutral
"Excellent customer service, really impressed!",+ve
"Worst experience ever, will never use it again.",-ve
"The interface is neat, but the performance is average.",neutral
"Happy with the purchase, highly recommended.",+ve
"Delivery was delayed, but the product is good.",neutral
"Meh, I expected more from this brand.",neutral
Fantastic features and smooth usability!,+ve
Terrible! It wiped all my data.,-ve
"Not bad, but could be better.",neutral
Totally worth the price.,+ve
Too many ads make it annoying to use.,-ve
The colors and design are really pleasing.,+ve
Can't believe how bad the support team is.,-ve
It does what it says. Satisfied.,neutral
Had a mixed experience with the service.,neutral
Absolutely brilliant! Five stars.,+ve
"Nothing extraordinary, just average.",neutral
Horrible lag and bugs everywhere.,-ve
Very useful and intuitive layout.,+ve
Expected more based on the reviews.,neutral
Customer support was quick and helpful.,+ve
I wouldn't recommend it to anyone.,-ve
"Works fine, but drains battery quickly.",neutral
Superb performance and speed.,+ve
Not happy with the quality received.,-ve
Good enough for the price.,+ve
"It's okay, not too impressive.",neutral
